run_idx,MEM,NCPUS,TIME,QUEUE,OBJECTIVE,RESFACTOR,SIM_YEARS,WRITE_THREADS,WRITE_OUTPUT_GEOTIFFS,KEEP_OUTPUTS,DEMAND_CONSTRAINT_TYPE,EXCLUDE_NO_GO_LU,GHG_EMISSIONS_LIMITS,CARBON_PRICES_FIELD,GHG_CONSTRAINT_TYPE,USE_GHG_SCOPE_1,WATER_LIMITS,WATER_CONSTRAINT_TYPE,WATER_PENALTY,INCLUDE_WATER_LICENSE_COSTS,HABITAT_CONDITION,CONNECTIVITY_SOURCE,GBF2_PRIORITY_DEGRADED_AREAS_PERCENTAGE_CUT,BIODIVERSTIY_TARGET_GBF_2,GBF2_CONSTRAINT_TYPE,BIODIVERSTIY_TARGET_GBF_3,BIODIVERSTIY_TARGET_GBF_4_SNES,BIODIVERSTIY_TARGET_GBF_4_ECNES,BIODIVERSTIY_TARGET_GBF_8,SOLVE_WEIGHT_ALPHA,SOLVE_WEIGHT_BETA,DIET_DOM,DIET_GLOB,WASTE,FEED_EFFICIENCY
1,20GB,5,4:00:00,normalsr,maxprofit,13,"[2010, 2020, 2030, 2040, 2050]",2,False,False,soft,False,medium,CONSTANT,hard,True,on,hard,1e-05,1,HCAS,NCI,40,medium,hard,off,off,off,off,1,0.97,BAU,BAU,1,BAU
2,20GB,5,4:00:00,normalsr,maxprofit,13,"[2010, 2020, 2030, 2040, 2050]",2,False,False,soft,False,medium,CONSTANT,hard,True,on,hard,1e-05,1,HCAS,NCI,40,medium,hard,off,off,off,off,1,0.9701,BAU,BAU,1,BAU
3,20GB,5,4:00:00,normalsr,maxprofit,13,"[2010, 2020, 2030, 2040, 2050]",2,False,False,soft,False,medium,CONSTANT,hard,True,on,hard,1e-05,1,HCAS,NCI,40,medium,hard,off,off,off,off,1,0.9702,BAU,BAU,1,BAU
4,20GB,5,4:00:00,normalsr,maxprofit,13,"[2010, 2020, 2030, 2040, 2050]",2,False,False,soft,False,medium,CONSTANT,hard,True,on,hard,1e-05,1,HCAS,NCI,40,medium,hard,off,off,off,off,1,0.9702999999999999,BAU,BAU,1,BAU
5,20GB,5,4:00:00,normalsr,maxprofit,13,"[2010, 2020, 2030, 2040, 2050]",2,False,False,soft,False,medium,CONSTANT,hard,True,on,hard,1e-05,1,HCAS,NCI,40,medium,hard,off,off,off,off,1,0.9703999999999999,BAU,BAU,1,BAU
6,20GB,5,4:00:00,normalsr,maxprofit,13,"[2010, 2020, 2030, 2040, 2050]",2,False,False,soft,False,medium,CONSTANT,hard,True,on,hard,1e-05,1,HCAS,NCI,40,medium,hard,off,off,off,off,1,0.9704999999999999,BAU,BAU,1,BAU
7,20GB,5,4:00:00,normalsr,maxprofit,13,"[2010, 2020, 2030, 2040, 2050]",2,False,False,soft,False,medium,CONSTANT,hard,True,on,hard,1e-05,1,HCAS,NCI,40,medium,hard,off,off,off,off,1,0.9705999999999999,BAU,BAU,1,BAU
8,20GB,5,4:00:00,normalsr,maxprofit,13,"[2010, 2020, 2030, 2040, 2050]",2,False,False,soft,False,medium,CONSTANT,hard,True,on,hard,1e-05,1,HCAS,NCI,40,medium,hard,off,off,off,off,1,0.9706999999999999,BAU,BAU,1,BAU
9,20GB,5,4:00:00,normalsr,maxprofit,13,"[2010, 2020, 2030, 2040, 2050]",2,False,False,soft,False,medium,CONSTANT,hard,True,on,hard,1e-05,1,HCAS,NCI,40,medium,hard,off,off,off,off,1,0.9707999999999999,BAU,BAU,1,BAU
10,20GB,5,4:00:00,normalsr,maxprofit,13,"[2010, 2020, 2030, 2040, 2050]",2,False,False,soft,False,medium,CONSTANT,hard,True,on,hard,1e-05,1,HCAS,NCI,40,medium,hard,off,off,off,off,1,0.9708999999999999,BAU,BAU,1,BAU
11,20GB,5,4:00:00,normalsr,maxprofit,13,"[2010, 2020, 2030, 2040, 2050]",2,False,False,soft,False,medium,CONSTANT,hard,True,on,hard,1e-05,1,HCAS,NCI,40,medium,hard,off,off,off,off,1,0.9709999999999999,BAU,BAU,1,BAU
12,20GB,5,4:00:00,normalsr,maxprofit,13,"[2010, 2020, 2030, 2040, 2050]",2,False,False,soft,False,medium,CONSTANT,hard,True,on,hard,1e-05,1,HCAS,NCI,40,medium,hard,off,off,off,off,1,0.9710999999999999,BAU,BAU,1,BAU
13,20GB,5,4:00:00,normalsr,maxprofit,13,"[2010, 2020, 2030, 2040, 2050]",2,False,False,soft,False,medium,CONSTANT,hard,True,on,hard,1e-05,1,HCAS,NCI,40,medium,hard,off,off,off,off,1,0.9711999999999998,BAU,BAU,1,BAU
14,20GB,5,4:00:00,normalsr,maxprofit,13,"[2010, 2020, 2030, 2040, 2050]",2,False,False,soft,False,medium,CONSTANT,hard,True,on,hard,1e-05,1,HCAS,NCI,40,medium,hard,off,off,off,off,1,0.9712999999999998,BAU,BAU,1,BAU
15,20GB,5,4:00:00,normalsr,maxprofit,13,"[2010, 2020, 2030, 2040, 2050]",2,False,False,soft,False,medium,CONSTANT,hard,True,on,hard,1e-05,1,HCAS,NCI,40,medium,hard,off,off,off,off,1,0.9713999999999998,BAU,BAU,1,BAU
16,20GB,5,4:00:00,normalsr,maxprofit,13,"[2010, 2020, 2030, 2040, 2050]",2,False,False,soft,False,medium,CONSTANT,hard,True,on,hard,1e-05,1,HCAS,NCI,40,medium,hard,off,off,off,off,1,0.9714999999999998,BAU,BAU,1,BAU
17,20GB,5,4:00:00,normalsr,maxprofit,13,"[2010, 2020, 2030, 2040, 2050]",2,False,False,soft,False,medium,CONSTANT,hard,True,on,hard,1e-05,1,HCAS,NCI,40,medium,hard,off,off,off,off,1,0.9715999999999998,BAU,BAU,1,BAU
18,20GB,5,4:00:00,normalsr,maxprofit,13,"[2010, 2020, 2030, 2040, 2050]",2,False,False,soft,False,medium,CONSTANT,hard,True,on,hard,1e-05,1,HCAS,NCI,40,medium,hard,off,off,off,off,1,0.9716999999999998,BAU,BAU,1,BAU
19,20GB,5,4:00:00,normalsr,maxprofit,13,"[2010, 2020, 2030, 2040, 2050]",2,False,False,soft,False,medium,CONSTANT,hard,True,on,hard,1e-05,1,HCAS,NCI,40,medium,hard,off,off,off,off,1,0.9717999999999998,BAU,BAU,1,BAU
20,20GB,5,4:00:00,normalsr,maxprofit,13,"[2010, 2020, 2030, 2040, 2050]",2,False,False,soft,False,medium,CONSTANT,hard,True,on,hard,1e-05,1,HCAS,NCI,40,medium,hard,off,off,off,off,1,0.9718999999999998,BAU,BAU,1,BAU
21,20GB,5,4:00:00,normalsr,maxprofit,13,"[2010, 2020, 2030, 2040, 2050]",2,False,False,soft,False,medium,CONSTANT,hard,True,on,hard,1e-05,1,HCAS,NCI,40,medium,hard,off,off,off,off,1,0.9719999999999998,BAU,BAU,1,BAU
22,20GB,5,4:00:00,normalsr,maxprofit,13,"[2010, 2020, 2030, 2040, 2050]",2,False,False,soft,False,medium,CONSTANT,hard,True,on,hard,1e-05,1,HCAS,NCI,40,medium,hard,off,off,off,off,1,0.9720999999999997,BAU,BAU,1,BAU
23,20GB,5,4:00:00,normalsr,maxprofit,13,"[2010, 2020, 2030, 2040, 2050]",2,False,False,soft,False,medium,CONSTANT,hard,True,on,hard,1e-05,1,HCAS,NCI,40,medium,hard,off,off,off,off,1,0.9721999999999997,BAU,BAU,1,BAU
24,20GB,5,4:00:00,normalsr,maxprofit,13,"[2010, 2020, 2030, 2040, 2050]",2,False,False,soft,False,medium,CONSTANT,hard,True,on,hard,1e-05,1,HCAS,NCI,40,medium,hard,off,off,off,off,1,0.9722999999999997,BAU,BAU,1,BAU
25,20GB,5,4:00:00,normalsr,maxprofit,13,"[2010, 2020, 2030, 2040, 2050]",2,False,False,soft,False,medium,CONSTANT,hard,True,on,hard,1e-05,1,HCAS,NCI,40,medium,hard,off,off,off,off,1,0.9723999999999997,BAU,BAU,1,BAU
26,20GB,5,4:00:00,normalsr,maxprofit,13,"[2010, 2020, 2030, 2040, 2050]",2,False,False,soft,False,medium,CONSTANT,hard,True,on,hard,1e-05,1,HCAS,NCI,40,medium,hard,off,off,off,off,1,0.9724999999999997,BAU,BAU,1,BAU
27,20GB,5,4:00:00,normalsr,maxprofit,13,"[2010, 2020, 2030, 2040, 2050]",2,False,False,soft,False,medium,CONSTANT,hard,True,on,hard,1e-05,1,HCAS,NCI,40,medium,hard,off,off,off,off,1,0.9725999999999997,BAU,BAU,1,BAU
28,20GB,5,4:00:00,normalsr,maxprofit,13,"[2010, 2020, 2030, 2040, 2050]",2,False,False,soft,False,medium,CONSTANT,hard,True,on,hard,1e-05,1,HCAS,NCI,40,medium,hard,off,off,off,off,1,0.9726999999999997,BAU,BAU,1,BAU
29,20GB,5,4:00:00,normalsr,maxprofit,13,"[2010, 2020, 2030, 2040, 2050]",2,False,False,soft,False,medium,CONSTANT,hard,True,on,hard,1e-05,1,HCAS,NCI,40,medium,hard,off,off,off,off,1,0.9727999999999997,BAU,BAU,1,BAU
30,20GB,5,4:00:00,normalsr,maxprofit,13,"[2010, 2020, 2030, 2040, 2050]",2,False,False,soft,False,medium,CONSTANT,hard,True,on,hard,1e-05,1,HCAS,NCI,40,medium,hard,off,off,off,off,1,0.9728999999999997,BAU,BAU,1,BAU
31,20GB,5,4:00:00,normalsr,maxprofit,13,"[2010, 2020, 2030, 2040, 2050]",2,False,False,soft,False,medium,CONSTANT,hard,True,on,hard,1e-05,1,HCAS,NCI,40,medium,hard,off,off,off,off,1,0.9729999999999996,BAU,BAU,1,BAU
32,20GB,5,4:00:00,normalsr,maxprofit,13,"[2010, 2020, 2030, 2040, 2050]",2,False,False,soft,False,medium,CONSTANT,hard,True,on,hard,1e-05,1,HCAS,NCI,40,medium,hard,off,off,off,off,1,0.9730999999999996,BAU,BAU,1,BAU
33,20GB,5,4:00:00,normalsr,maxprofit,13,"[2010, 2020, 2030, 2040, 2050]",2,False,False,soft,False,medium,CONSTANT,hard,True,on,hard,1e-05,1,HCAS,NCI,40,medium,hard,off,off,off,off,1,0.9731999999999996,BAU,BAU,1,BAU
34,20GB,5,4:00:00,normalsr,maxprofit,13,"[2010, 2020, 2030, 2040, 2050]",2,False,False,soft,False,medium,CONSTANT,hard,True,on,hard,1e-05,1,HCAS,NCI,40,medium,hard,off,off,off,off,1,0.9732999999999996,BAU,BAU,1,BAU
35,20GB,5,4:00:00,normalsr,maxprofit,13,"[2010, 2020, 2030, 2040, 2050]",2,False,False,soft,False,medium,CONSTANT,hard,True,on,hard,1e-05,1,HCAS,NCI,40,medium,hard,off,off,off,off,1,0.9733999999999996,BAU,BAU,1,BAU
36,20GB,5,4:00:00,normalsr,maxprofit,13,"[2010, 2020, 2030, 2040, 2050]",2,False,False,soft,False,medium,CONSTANT,hard,True,on,hard,1e-05,1,HCAS,NCI,40,medium,hard,off,off,off,off,1,0.9734999999999996,BAU,BAU,1,BAU
37,20GB,5,4:00:00,normalsr,maxprofit,13,"[2010, 2020, 2030, 2040, 2050]",2,False,False,soft,False,medium,CONSTANT,hard,True,on,hard,1e-05,1,HCAS,NCI,40,medium,hard,off,off,off,off,1,0.9735999999999996,BAU,BAU,1,BAU
38,20GB,5,4:00:00,normalsr,maxprofit,13,"[2010, 2020, 2030, 2040, 2050]",2,False,False,soft,False,medium,CONSTANT,hard,True,on,hard,1e-05,1,HCAS,NCI,40,medium,hard,off,off,off,off,1,0.9736999999999996,BAU,BAU,1,BAU
39,20GB,5,4:00:00,normalsr,maxprofit,13,"[2010, 2020, 2030, 2040, 2050]",2,False,False,soft,False,medium,CONSTANT,hard,True,on,hard,1e-05,1,HCAS,NCI,40,medium,hard,off,off,off,off,1,0.9737999999999996,BAU,BAU,1,BAU
40,20GB,5,4:00:00,normalsr,maxprofit,13,"[2010, 2020, 2030, 2040, 2050]",2,False,False,soft,False,medium,CONSTANT,hard,True,on,hard,1e-05,1,HCAS,NCI,40,medium,hard,off,off,off,off,1,0.9738999999999995,BAU,BAU,1,BAU
41,20GB,5,4:00:00,normalsr,maxprofit,13,"[2010, 2020, 2030, 2040, 2050]",2,False,False,soft,False,medium,CONSTANT,hard,True,on,hard,1e-05,1,HCAS,NCI,40,medium,hard,off,off,off,off,1,0.9739999999999995,BAU,BAU,1,BAU
42,20GB,5,4:00:00,normalsr,maxprofit,13,"[2010, 2020, 2030, 2040, 2050]",2,False,False,soft,False,medium,CONSTANT,hard,True,on,hard,1e-05,1,HCAS,NCI,40,medium,hard,off,off,off,off,1,0.9740999999999995,BAU,BAU,1,BAU
43,20GB,5,4:00:00,normalsr,maxprofit,13,"[2010, 2020, 2030, 2040, 2050]",2,False,False,soft,False,medium,CONSTANT,hard,True,on,hard,1e-05,1,HCAS,NCI,40,medium,hard,off,off,off,off,1,0.9741999999999995,BAU,BAU,1,BAU
44,20GB,5,4:00:00,normalsr,maxprofit,13,"[2010, 2020, 2030, 2040, 2050]",2,False,False,soft,False,medium,CONSTANT,hard,True,on,hard,1e-05,1,HCAS,NCI,40,medium,hard,off,off,off,off,1,0.9742999999999995,BAU,BAU,1,BAU
45,20GB,5,4:00:00,normalsr,maxprofit,13,"[2010, 2020, 2030, 2040, 2050]",2,False,False,soft,False,medium,CONSTANT,hard,True,on,hard,1e-05,1,HCAS,NCI,40,medium,hard,off,off,off,off,1,0.9743999999999995,BAU,BAU,1,BAU
46,20GB,5,4:00:00,normalsr,maxprofit,13,"[2010, 2020, 2030, 2040, 2050]",2,False,False,soft,False,medium,CONSTANT,hard,True,on,hard,1e-05,1,HCAS,NCI,40,medium,hard,off,off,off,off,1,0.9744999999999995,BAU,BAU,1,BAU
47,20GB,5,4:00:00,normalsr,maxprofit,13,"[2010, 2020, 2030, 2040, 2050]",2,False,False,soft,False,medium,CONSTANT,hard,True,on,hard,1e-05,1,HCAS,NCI,40,medium,hard,off,off,off,off,1,0.9745999999999995,BAU,BAU,1,BAU
48,20GB,5,4:00:00,normalsr,maxprofit,13,"[2010, 2020, 2030, 2040, 2050]",2,False,False,soft,False,medium,CONSTANT,hard,True,on,hard,1e-05,1,HCAS,NCI,40,medium,hard,off,off,off,off,1,0.9746999999999995,BAU,BAU,1,BAU
49,20GB,5,4:00:00,normalsr,maxprofit,13,"[2010, 2020, 2030, 2040, 2050]",2,False,False,soft,False,medium,CONSTANT,hard,True,on,hard,1e-05,1,HCAS,NCI,40,medium,hard,off,off,off,off,1,0.9747999999999994,BAU,BAU,1,BAU
50,20GB,5,4:00:00,normalsr,maxprofit,13,"[2010, 2020, 2030, 2040, 2050]",2,False,False,soft,False,medium,CONSTANT,hard,True,on,hard,1e-05,1,HCAS,NCI,40,medium,hard,off,off,off,off,1,0.9748999999999994,BAU,BAU,1,BAU
51,20GB,5,4:00:00,normalsr,maxprofit,13,"[2010, 2020, 2030, 2040, 2050]",2,False,False,soft,False,medium,CONSTANT,hard,True,on,hard,1e-05,1,HCAS,NCI,40,medium,hard,off,off,off,off,1,0.9749999999999994,BAU,BAU,1,BAU
52,20GB,5,4:00:00,normalsr,maxprofit,13,"[2010, 2020, 2030, 2040, 2050]",2,False,False,soft,False,medium,CONSTANT,hard,True,on,hard,1e-05,1,HCAS,NCI,40,medium,hard,off,off,off,off,1,0.9750999999999994,BAU,BAU,1,BAU
53,20GB,5,4:00:00,normalsr,maxprofit,13,"[2010, 2020, 2030, 2040, 2050]",2,False,False,soft,False,medium,CONSTANT,hard,True,on,hard,1e-05,1,HCAS,NCI,40,medium,hard,off,off,off,off,1,0.9751999999999994,BAU,BAU,1,BAU
54,20GB,5,4:00:00,normalsr,maxprofit,13,"[2010, 2020, 2030, 2040, 2050]",2,False,False,soft,False,medium,CONSTANT,hard,True,on,hard,1e-05,1,HCAS,NCI,40,medium,hard,off,off,off,off,1,0.9752999999999994,BAU,BAU,1,BAU
55,20GB,5,4:00:00,normalsr,maxprofit,13,"[2010, 2020, 2030, 2040, 2050]",2,False,False,soft,False,medium,CONSTANT,hard,True,on,hard,1e-05,1,HCAS,NCI,40,medium,hard,off,off,off,off,1,0.9753999999999994,BAU,BAU,1,BAU
56,20GB,5,4:00:00,normalsr,maxprofit,13,"[2010, 2020, 2030, 2040, 2050]",2,False,False,soft,False,medium,CONSTANT,hard,True,on,hard,1e-05,1,HCAS,NCI,40,medium,hard,off,off,off,off,1,0.9754999999999994,BAU,BAU,1,BAU
57,20GB,5,4:00:00,normalsr,maxprofit,13,"[2010, 2020, 2030, 2040, 2050]",2,False,False,soft,False,medium,CONSTANT,hard,True,on,hard,1e-05,1,HCAS,NCI,40,medium,hard,off,off,off,off,1,0.9755999999999994,BAU,BAU,1,BAU
58,20GB,5,4:00:00,normalsr,maxprofit,13,"[2010, 2020, 2030, 2040, 2050]",2,False,False,soft,False,medium,CONSTANT,hard,True,on,hard,1e-05,1,HCAS,NCI,40,medium,hard,off,off,off,off,1,0.9756999999999993,BAU,BAU,1,BAU
59,20GB,5,4:00:00,normalsr,maxprofit,13,"[2010, 2020, 2030, 2040, 2050]",2,False,False,soft,False,medium,CONSTANT,hard,True,on,hard,1e-05,1,HCAS,NCI,40,medium,hard,off,off,off,off,1,0.9757999999999993,BAU,BAU,1,BAU
60,20GB,5,4:00:00,normalsr,maxprofit,13,"[2010, 2020, 2030, 2040, 2050]",2,False,False,soft,False,medium,CONSTANT,hard,True,on,hard,1e-05,1,HCAS,NCI,40,medium,hard,off,off,off,off,1,0.9758999999999993,BAU,BAU,1,BAU
61,20GB,5,4:00:00,normalsr,maxprofit,13,"[2010, 2020, 2030, 2040, 2050]",2,False,False,soft,False,medium,CONSTANT,hard,True,on,hard,1e-05,1,HCAS,NCI,40,medium,hard,off,off,off,off,1,0.9759999999999993,BAU,BAU,1,BAU
62,20GB,5,4:00:00,normalsr,maxprofit,13,"[2010, 2020, 2030, 2040, 2050]",2,False,False,soft,False,medium,CONSTANT,hard,True,on,hard,1e-05,1,HCAS,NCI,40,medium,hard,off,off,off,off,1,0.9760999999999993,BAU,BAU,1,BAU
63,20GB,5,4:00:00,normalsr,maxprofit,13,"[2010, 2020, 2030, 2040, 2050]",2,False,False,soft,False,medium,CONSTANT,hard,True,on,hard,1e-05,1,HCAS,NCI,40,medium,hard,off,off,off,off,1,0.9761999999999993,BAU,BAU,1,BAU
64,20GB,5,4:00:00,normalsr,maxprofit,13,"[2010, 2020, 2030, 2040, 2050]",2,False,False,soft,False,medium,CONSTANT,hard,True,on,hard,1e-05,1,HCAS,NCI,40,medium,hard,off,off,off,off,1,0.9762999999999993,BAU,BAU,1,BAU
65,20GB,5,4:00:00,normalsr,maxprofit,13,"[2010, 2020, 2030, 2040, 2050]",2,False,False,soft,False,medium,CONSTANT,hard,True,on,hard,1e-05,1,HCAS,NCI,40,medium,hard,off,off,off,off,1,0.9763999999999993,BAU,BAU,1,BAU
66,20GB,5,4:00:00,normalsr,maxprofit,13,"[2010, 2020, 2030, 2040, 2050]",2,False,False,soft,False,medium,CONSTANT,hard,True,on,hard,1e-05,1,HCAS,NCI,40,medium,hard,off,off,off,off,1,0.9764999999999993,BAU,BAU,1,BAU
67,20GB,5,4:00:00,normalsr,maxprofit,13,"[2010, 2020, 2030, 2040, 2050]",2,False,False,soft,False,medium,CONSTANT,hard,True,on,hard,1e-05,1,HCAS,NCI,40,medium,hard,off,off,off,off,1,0.9765999999999992,BAU,BAU,1,BAU
68,20GB,5,4:00:00,normalsr,maxprofit,13,"[2010, 2020, 2030, 2040, 2050]",2,False,False,soft,False,medium,CONSTANT,hard,True,on,hard,1e-05,1,HCAS,NCI,40,medium,hard,off,off,off,off,1,0.9766999999999992,BAU,BAU,1,BAU
69,20GB,5,4:00:00,normalsr,maxprofit,13,"[2010, 2020, 2030, 2040, 2050]",2,False,False,soft,False,medium,CONSTANT,hard,True,on,hard,1e-05,1,HCAS,NCI,40,medium,hard,off,off,off,off,1,0.9767999999999992,BAU,BAU,1,BAU
70,20GB,5,4:00:00,normalsr,maxprofit,13,"[2010, 2020, 2030, 2040, 2050]",2,False,False,soft,False,medium,CONSTANT,hard,True,on,hard,1e-05,1,HCAS,NCI,40,medium,hard,off,off,off,off,1,0.9768999999999992,BAU,BAU,1,BAU
71,20GB,5,4:00:00,normalsr,maxprofit,13,"[2010, 2020, 2030, 2040, 2050]",2,False,False,soft,False,medium,CONSTANT,hard,True,on,hard,1e-05,1,HCAS,NCI,40,medium,hard,off,off,off,off,1,0.9769999999999992,BAU,BAU,1,BAU
72,20GB,5,4:00:00,normalsr,maxprofit,13,"[2010, 2020, 2030, 2040, 2050]",2,False,False,soft,False,medium,CONSTANT,hard,True,on,hard,1e-05,1,HCAS,NCI,40,medium,hard,off,off,off,off,1,0.9770999999999992,BAU,BAU,1,BAU
73,20GB,5,4:00:00,normalsr,maxprofit,13,"[2010, 2020, 2030, 2040, 2050]",2,False,False,soft,False,medium,CONSTANT,hard,True,on,hard,1e-05,1,HCAS,NCI,40,medium,hard,off,off,off,off,1,0.9771999999999992,BAU,BAU,1,BAU
74,20GB,5,4:00:00,normalsr,maxprofit,13,"[2010, 2020, 2030, 2040, 2050]",2,False,False,soft,False,medium,CONSTANT,hard,True,on,hard,1e-05,1,HCAS,NCI,40,medium,hard,off,off,off,off,1,0.9772999999999992,BAU,BAU,1,BAU
75,20GB,5,4:00:00,normalsr,maxprofit,13,"[2010, 2020, 2030, 2040, 2050]",2,False,False,soft,False,medium,CONSTANT,hard,True,on,hard,1e-05,1,HCAS,NCI,40,medium,hard,off,off,off,off,1,0.9773999999999992,BAU,BAU,1,BAU
76,20GB,5,4:00:00,normalsr,maxprofit,13,"[2010, 2020, 2030, 2040, 2050]",2,False,False,soft,False,medium,CONSTANT,hard,True,on,hard,1e-05,1,HCAS,NCI,40,medium,hard,off,off,off,off,1,0.9774999999999991,BAU,BAU,1,BAU
77,20GB,5,4:00:00,normalsr,maxprofit,13,"[2010, 2020, 2030, 2040, 2050]",2,False,False,soft,False,medium,CONSTANT,hard,True,on,hard,1e-05,1,HCAS,NCI,40,medium,hard,off,off,off,off,1,0.9775999999999991,BAU,BAU,1,BAU
78,20GB,5,4:00:00,normalsr,maxprofit,13,"[2010, 2020, 2030, 2040, 2050]",2,False,False,soft,False,medium,CONSTANT,hard,True,on,hard,1e-05,1,HCAS,NCI,40,medium,hard,off,off,off,off,1,0.9776999999999991,BAU,BAU,1,BAU
79,20GB,5,4:00:00,normalsr,maxprofit,13,"[2010, 2020, 2030, 2040, 2050]",2,False,False,soft,False,medium,CONSTANT,hard,True,on,hard,1e-05,1,HCAS,NCI,40,medium,hard,off,off,off,off,1,0.9777999999999991,BAU,BAU,1,BAU
80,20GB,5,4:00:00,normalsr,maxprofit,13,"[2010, 2020, 2030, 2040, 2050]",2,False,False,soft,False,medium,CONSTANT,hard,True,on,hard,1e-05,1,HCAS,NCI,40,medium,hard,off,off,off,off,1,0.9778999999999991,BAU,BAU,1,BAU
81,20GB,5,4:00:00,normalsr,maxprofit,13,"[2010, 2020, 2030, 2040, 2050]",2,False,False,soft,False,medium,CONSTANT,hard,True,on,hard,1e-05,1,HCAS,NCI,40,medium,hard,off,off,off,off,1,0.9779999999999991,BAU,BAU,1,BAU
82,20GB,5,4:00:00,normalsr,maxprofit,13,"[2010, 2020, 2030, 2040, 2050]",2,False,False,soft,False,medium,CONSTANT,hard,True,on,hard,1e-05,1,HCAS,NCI,40,medium,hard,off,off,off,off,1,0.9780999999999991,BAU,BAU,1,BAU
83,20GB,5,4:00:00,normalsr,maxprofit,13,"[2010, 2020, 2030, 2040, 2050]",2,False,False,soft,False,medium,CONSTANT,hard,True,on,hard,1e-05,1,HCAS,NCI,40,medium,hard,off,off,off,off,1,0.9781999999999991,BAU,BAU,1,BAU
84,20GB,5,4:00:00,normalsr,maxprofit,13,"[2010, 2020, 2030, 2040, 2050]",2,False,False,soft,False,medium,CONSTANT,hard,True,on,hard,1e-05,1,HCAS,NCI,40,medium,hard,off,off,off,off,1,0.9782999999999991,BAU,BAU,1,BAU
85,20GB,5,4:00:00,normalsr,maxprofit,13,"[2010, 2020, 2030, 2040, 2050]",2,False,False,soft,False,medium,CONSTANT,hard,True,on,hard,1e-05,1,HCAS,NCI,40,medium,hard,off,off,off,off,1,0.978399999999999,BAU,BAU,1,BAU
86,20GB,5,4:00:00,normalsr,maxprofit,13,"[2010, 2020, 2030, 2040, 2050]",2,False,False,soft,False,medium,CONSTANT,hard,True,on,hard,1e-05,1,HCAS,NCI,40,medium,hard,off,off,off,off,1,0.978499999999999,BAU,BAU,1,BAU
87,20GB,5,4:00:00,normalsr,maxprofit,13,"[2010, 2020, 2030, 2040, 2050]",2,False,False,soft,False,medium,CONSTANT,hard,True,on,hard,1e-05,1,HCAS,NCI,40,medium,hard,off,off,off,off,1,0.978599999999999,BAU,BAU,1,BAU
88,20GB,5,4:00:00,normalsr,maxprofit,13,"[2010, 2020, 2030, 2040, 2050]",2,False,False,soft,False,medium,CONSTANT,hard,True,on,hard,1e-05,1,HCAS,NCI,40,medium,hard,off,off,off,off,1,0.978699999999999,BAU,BAU,1,BAU
89,20GB,5,4:00:00,normalsr,maxprofit,13,"[2010, 2020, 2030, 2040, 2050]",2,False,False,soft,False,medium,CONSTANT,hard,True,on,hard,1e-05,1,HCAS,NCI,40,medium,hard,off,off,off,off,1,0.978799999999999,BAU,BAU,1,BAU
90,20GB,5,4:00:00,normalsr,maxprofit,13,"[2010, 2020, 2030, 2040, 2050]",2,False,False,soft,False,medium,CONSTANT,hard,True,on,hard,1e-05,1,HCAS,NCI,40,medium,hard,off,off,off,off,1,0.978899999999999,BAU,BAU,1,BAU
91,20GB,5,4:00:00,normalsr,maxprofit,13,"[2010, 2020, 2030, 2040, 2050]",2,False,False,soft,False,medium,CONSTANT,hard,True,on,hard,1e-05,1,HCAS,NCI,40,medium,hard,off,off,off,off,1,0.978999999999999,BAU,BAU,1,BAU
92,20GB,5,4:00:00,normalsr,maxprofit,13,"[2010, 2020, 2030, 2040, 2050]",2,False,False,soft,False,medium,CONSTANT,hard,True,on,hard,1e-05,1,HCAS,NCI,40,medium,hard,off,off,off,off,1,0.979099999999999,BAU,BAU,1,BAU
93,20GB,5,4:00:00,normalsr,maxprofit,13,"[2010, 2020, 2030, 2040, 2050]",2,False,False,soft,False,medium,CONSTANT,hard,True,on,hard,1e-05,1,HCAS,NCI,40,medium,hard,off,off,off,off,1,0.979199999999999,BAU,BAU,1,BAU
94,20GB,5,4:00:00,normalsr,maxprofit,13,"[2010, 2020, 2030, 2040, 2050]",2,False,False,soft,False,medium,CONSTANT,hard,True,on,hard,1e-05,1,HCAS,NCI,40,medium,hard,off,off,off,off,1,0.979299999999999,BAU,BAU,1,BAU
95,20GB,5,4:00:00,normalsr,maxprofit,13,"[2010, 2020, 2030, 2040, 2050]",2,False,False,soft,False,medium,CONSTANT,hard,True,on,hard,1e-05,1,HCAS,NCI,40,medium,hard,off,off,off,off,1,0.9793999999999989,BAU,BAU,1,BAU
96,20GB,5,4:00:00,normalsr,maxprofit,13,"[2010, 2020, 2030, 2040, 2050]",2,False,False,soft,False,medium,CONSTANT,hard,True,on,hard,1e-05,1,HCAS,NCI,40,medium,hard,off,off,off,off,1,0.9794999999999989,BAU,BAU,1,BAU
97,20GB,5,4:00:00,normalsr,maxprofit,13,"[2010, 2020, 2030, 2040, 2050]",2,False,False,soft,False,medium,CONSTANT,hard,True,on,hard,1e-05,1,HCAS,NCI,40,medium,hard,off,off,off,off,1,0.9795999999999989,BAU,BAU,1,BAU
98,20GB,5,4:00:00,normalsr,maxprofit,13,"[2010, 2020, 2030, 2040, 2050]",2,False,False,soft,False,medium,CONSTANT,hard,True,on,hard,1e-05,1,HCAS,NCI,40,medium,hard,off,off,off,off,1,0.9796999999999989,BAU,BAU,1,BAU
99,20GB,5,4:00:00,normalsr,maxprofit,13,"[2010, 2020, 2030, 2040, 2050]",2,False,False,soft,False,medium,CONSTANT,hard,True,on,hard,1e-05,1,HCAS,NCI,40,medium,hard,off,off,off,off,1,0.9797999999999989,BAU,BAU,1,BAU
100,20GB,5,4:00:00,normalsr,maxprofit,13,"[2010, 2020, 2030, 2040, 2050]",2,False,False,soft,False,medium,CONSTANT,hard,True,on,hard,1e-05,1,HCAS,NCI,40,medium,hard,off,off,off,off,1,0.9798999999999989,BAU,BAU,1,BAU
101,20GB,5,4:00:00,normalsr,maxprofit,13,"[2010, 2020, 2030, 2040, 2050]",2,False,False,soft,False,medium,CONSTANT,hard,True,on,hard,1e-05,1,HCAS,NCI,40,medium,hard,off,off,off,off,1,0.9799999999999989,BAU,BAU,1,BAU
102,20GB,5,4:00:00,normalsr,maxprofit,13,"[2010, 2020, 2030, 2040, 2050]",2,False,False,soft,False,medium,CONSTANT,hard,True,on,hard,1e-05,1,HCAS,NCI,40,medium,hard,off,off,off,off,1,0.9800999999999989,BAU,BAU,1,BAU
103,20GB,5,4:00:00,normalsr,maxprofit,13,"[2010, 2020, 2030, 2040, 2050]",2,False,False,soft,False,medium,CONSTANT,hard,True,on,hard,1e-05,1,HCAS,NCI,40,medium,hard,off,off,off,off,1,0.9801999999999988,BAU,BAU,1,BAU
104,20GB,5,4:00:00,normalsr,maxprofit,13,"[2010, 2020, 2030, 2040, 2050]",2,False,False,soft,False,medium,CONSTANT,hard,True,on,hard,1e-05,1,HCAS,NCI,40,medium,hard,off,off,off,off,1,0.9802999999999988,BAU,BAU,1,BAU
105,20GB,5,4:00:00,normalsr,maxprofit,13,"[2010, 2020, 2030, 2040, 2050]",2,False,False,soft,False,medium,CONSTANT,hard,True,on,hard,1e-05,1,HCAS,NCI,40,medium,hard,off,off,off,off,1,0.9803999999999988,BAU,BAU,1,BAU
106,20GB,5,4:00:00,normalsr,maxprofit,13,"[2010, 2020, 2030, 2040, 2050]",2,False,False,soft,False,medium,CONSTANT,hard,True,on,hard,1e-05,1,HCAS,NCI,40,medium,hard,off,off,off,off,1,0.9804999999999988,BAU,BAU,1,BAU
107,20GB,5,4:00:00,normalsr,maxprofit,13,"[2010, 2020, 2030, 2040, 2050]",2,False,False,soft,False,medium,CONSTANT,hard,True,on,hard,1e-05,1,HCAS,NCI,40,medium,hard,off,off,off,off,1,0.9805999999999988,BAU,BAU,1,BAU
108,20GB,5,4:00:00,normalsr,maxprofit,13,"[2010, 2020, 2030, 2040, 2050]",2,False,False,soft,False,medium,CONSTANT,hard,True,on,hard,1e-05,1,HCAS,NCI,40,medium,hard,off,off,off,off,1,0.9806999999999988,BAU,BAU,1,BAU
109,20GB,5,4:00:00,normalsr,maxprofit,13,"[2010, 2020, 2030, 2040, 2050]",2,False,False,soft,False,medium,CONSTANT,hard,True,on,hard,1e-05,1,HCAS,NCI,40,medium,hard,off,off,off,off,1,0.9807999999999988,BAU,BAU,1,BAU
110,20GB,5,4:00:00,normalsr,maxprofit,13,"[2010, 2020, 2030, 2040, 2050]",2,False,False,soft,False,medium,CONSTANT,hard,True,on,hard,1e-05,1,HCAS,NCI,40,medium,hard,off,off,off,off,1,0.9808999999999988,BAU,BAU,1,BAU
111,20GB,5,4:00:00,normalsr,maxprofit,13,"[2010, 2020, 2030, 2040, 2050]",2,False,False,soft,False,medium,CONSTANT,hard,True,on,hard,1e-05,1,HCAS,NCI,40,medium,hard,off,off,off,off,1,0.9809999999999988,BAU,BAU,1,BAU
112,20GB,5,4:00:00,normalsr,maxprofit,13,"[2010, 2020, 2030, 2040, 2050]",2,False,False,soft,False,medium,CONSTANT,hard,True,on,hard,1e-05,1,HCAS,NCI,40,medium,hard,off,off,off,off,1,0.9810999999999988,BAU,BAU,1,BAU
113,20GB,5,4:00:00,normalsr,maxprofit,13,"[2010, 2020, 2030, 2040, 2050]",2,False,False,soft,False,medium,CONSTANT,hard,True,on,hard,1e-05,1,HCAS,NCI,40,medium,hard,off,off,off,off,1,0.9811999999999987,BAU,BAU,1,BAU
114,20GB,5,4:00:00,normalsr,maxprofit,13,"[2010, 2020, 2030, 2040, 2050]",2,False,False,soft,False,medium,CONSTANT,hard,True,on,hard,1e-05,1,HCAS,NCI,40,medium,hard,off,off,off,off,1,0.9812999999999987,BAU,BAU,1,BAU
115,20GB,5,4:00:00,normalsr,maxprofit,13,"[2010, 2020, 2030, 2040, 2050]",2,False,False,soft,False,medium,CONSTANT,hard,True,on,hard,1e-05,1,HCAS,NCI,40,medium,hard,off,off,off,off,1,0.9813999999999987,BAU,BAU,1,BAU
116,20GB,5,4:00:00,normalsr,maxprofit,13,"[2010, 2020, 2030, 2040, 2050]",2,False,False,soft,False,medium,CONSTANT,hard,True,on,hard,1e-05,1,HCAS,NCI,40,medium,hard,off,off,off,off,1,0.9814999999999987,BAU,BAU,1,BAU
117,20GB,5,4:00:00,normalsr,maxprofit,13,"[2010, 2020, 2030, 2040, 2050]",2,False,False,soft,False,medium,CONSTANT,hard,True,on,hard,1e-05,1,HCAS,NCI,40,medium,hard,off,off,off,off,1,0.9815999999999987,BAU,BAU,1,BAU
118,20GB,5,4:00:00,normalsr,maxprofit,13,"[2010, 2020, 2030, 2040, 2050]",2,False,False,soft,False,medium,CONSTANT,hard,True,on,hard,1e-05,1,HCAS,NCI,40,medium,hard,off,off,off,off,1,0.9816999999999987,BAU,BAU,1,BAU
119,20GB,5,4:00:00,normalsr,maxprofit,13,"[2010, 2020, 2030, 2040, 2050]",2,False,False,soft,False,medium,CONSTANT,hard,True,on,hard,1e-05,1,HCAS,NCI,40,medium,hard,off,off,off,off,1,0.9817999999999987,BAU,BAU,1,BAU
120,20GB,5,4:00:00,normalsr,maxprofit,13,"[2010, 2020, 2030, 2040, 2050]",2,False,False,soft,False,medium,CONSTANT,hard,True,on,hard,1e-05,1,HCAS,NCI,40,medium,hard,off,off,off,off,1,0.9818999999999987,BAU,BAU,1,BAU
121,20GB,5,4:00:00,normalsr,maxprofit,13,"[2010, 2020, 2030, 2040, 2050]",2,False,False,soft,False,medium,CONSTANT,hard,True,on,hard,1e-05,1,HCAS,NCI,40,medium,hard,off,off,off,off,1,0.9819999999999987,BAU,BAU,1,BAU
122,20GB,5,4:00:00,normalsr,maxprofit,13,"[2010, 2020, 2030, 2040, 2050]",2,False,False,soft,False,medium,CONSTANT,hard,True,on,hard,1e-05,1,HCAS,NCI,40,medium,hard,off,off,off,off,1,0.9820999999999986,BAU,BAU,1,BAU
123,20GB,5,4:00:00,normalsr,maxprofit,13,"[2010, 2020, 2030, 2040, 2050]",2,False,False,soft,False,medium,CONSTANT,hard,True,on,hard,1e-05,1,HCAS,NCI,40,medium,hard,off,off,off,off,1,0.9821999999999986,BAU,BAU,1,BAU
124,20GB,5,4:00:00,normalsr,maxprofit,13,"[2010, 2020, 2030, 2040, 2050]",2,False,False,soft,False,medium,CONSTANT,hard,True,on,hard,1e-05,1,HCAS,NCI,40,medium,hard,off,off,off,off,1,0.9822999999999986,BAU,BAU,1,BAU
125,20GB,5,4:00:00,normalsr,maxprofit,13,"[2010, 2020, 2030, 2040, 2050]",2,False,False,soft,False,medium,CONSTANT,hard,True,on,hard,1e-05,1,HCAS,NCI,40,medium,hard,off,off,off,off,1,0.9823999999999986,BAU,BAU,1,BAU
126,20GB,5,4:00:00,normalsr,maxprofit,13,"[2010, 2020, 2030, 2040, 2050]",2,False,False,soft,False,medium,CONSTANT,hard,True,on,hard,1e-05,1,HCAS,NCI,40,medium,hard,off,off,off,off,1,0.9824999999999986,BAU,BAU,1,BAU
127,20GB,5,4:00:00,normalsr,maxprofit,13,"[2010, 2020, 2030, 2040, 2050]",2,False,False,soft,False,medium,CONSTANT,hard,True,on,hard,1e-05,1,HCAS,NCI,40,medium,hard,off,off,off,off,1,0.9825999999999986,BAU,BAU,1,BAU
128,20GB,5,4:00:00,normalsr,maxprofit,13,"[2010, 2020, 2030, 2040, 2050]",2,False,False,soft,False,medium,CONSTANT,hard,True,on,hard,1e-05,1,HCAS,NCI,40,medium,hard,off,off,off,off,1,0.9826999999999986,BAU,BAU,1,BAU
129,20GB,5,4:00:00,normalsr,maxprofit,13,"[2010, 2020, 2030, 2040, 2050]",2,False,False,soft,False,medium,CONSTANT,hard,True,on,hard,1e-05,1,HCAS,NCI,40,medium,hard,off,off,off,off,1,0.9827999999999986,BAU,BAU,1,BAU
130,20GB,5,4:00:00,normalsr,maxprofit,13,"[2010, 2020, 2030, 2040, 2050]",2,False,False,soft,False,medium,CONSTANT,hard,True,on,hard,1e-05,1,HCAS,NCI,40,medium,hard,off,off,off,off,1,0.9828999999999986,BAU,BAU,1,BAU
131,20GB,5,4:00:00,normalsr,maxprofit,13,"[2010, 2020, 2030, 2040, 2050]",2,False,False,soft,False,medium,CONSTANT,hard,True,on,hard,1e-05,1,HCAS,NCI,40,medium,hard,off,off,off,off,1,0.9829999999999985,BAU,BAU,1,BAU
132,20GB,5,4:00:00,normalsr,maxprofit,13,"[2010, 2020, 2030, 2040, 2050]",2,False,False,soft,False,medium,CONSTANT,hard,True,on,hard,1e-05,1,HCAS,NCI,40,medium,hard,off,off,off,off,1,0.9830999999999985,BAU,BAU,1,BAU
133,20GB,5,4:00:00,normalsr,maxprofit,13,"[2010, 2020, 2030, 2040, 2050]",2,False,False,soft,False,medium,CONSTANT,hard,True,on,hard,1e-05,1,HCAS,NCI,40,medium,hard,off,off,off,off,1,0.9831999999999985,BAU,BAU,1,BAU
134,20GB,5,4:00:00,normalsr,maxprofit,13,"[2010, 2020, 2030, 2040, 2050]",2,False,False,soft,False,medium,CONSTANT,hard,True,on,hard,1e-05,1,HCAS,NCI,40,medium,hard,off,off,off,off,1,0.9832999999999985,BAU,BAU,1,BAU
135,20GB,5,4:00:00,normalsr,maxprofit,13,"[2010, 2020, 2030, 2040, 2050]",2,False,False,soft,False,medium,CONSTANT,hard,True,on,hard,1e-05,1,HCAS,NCI,40,medium,hard,off,off,off,off,1,0.9833999999999985,BAU,BAU,1,BAU
136,20GB,5,4:00:00,normalsr,maxprofit,13,"[2010, 2020, 2030, 2040, 2050]",2,False,False,soft,False,medium,CONSTANT,hard,True,on,hard,1e-05,1,HCAS,NCI,40,medium,hard,off,off,off,off,1,0.9834999999999985,BAU,BAU,1,BAU
137,20GB,5,4:00:00,normalsr,maxprofit,13,"[2010, 2020, 2030, 2040, 2050]",2,False,False,soft,False,medium,CONSTANT,hard,True,on,hard,1e-05,1,HCAS,NCI,40,medium,hard,off,off,off,off,1,0.9835999999999985,BAU,BAU,1,BAU
138,20GB,5,4:00:00,normalsr,maxprofit,13,"[2010, 2020, 2030, 2040, 2050]",2,False,False,soft,False,medium,CONSTANT,hard,True,on,hard,1e-05,1,HCAS,NCI,40,medium,hard,off,off,off,off,1,0.9836999999999985,BAU,BAU,1,BAU
139,20GB,5,4:00:00,normalsr,maxprofit,13,"[2010, 2020, 2030, 2040, 2050]",2,False,False,soft,False,medium,CONSTANT,hard,True,on,hard,1e-05,1,HCAS,NCI,40,medium,hard,off,off,off,off,1,0.9837999999999985,BAU,BAU,1,BAU
140,20GB,5,4:00:00,normalsr,maxprofit,13,"[2010, 2020, 2030, 2040, 2050]",2,False,False,soft,False,medium,CONSTANT,hard,True,on,hard,1e-05,1,HCAS,NCI,40,medium,hard,off,off,off,off,1,0.9838999999999984,BAU,BAU,1,BAU
141,20GB,5,4:00:00,normalsr,maxprofit,13,"[2010, 2020, 2030, 2040, 2050]",2,False,False,soft,False,medium,CONSTANT,hard,True,on,hard,1e-05,1,HCAS,NCI,40,medium,hard,off,off,off,off,1,0.9839999999999984,BAU,BAU,1,BAU
142,20GB,5,4:00:00,normalsr,maxprofit,13,"[2010, 2020, 2030, 2040, 2050]",2,False,False,soft,False,medium,CONSTANT,hard,True,on,hard,1e-05,1,HCAS,NCI,40,medium,hard,off,off,off,off,1,0.9840999999999984,BAU,BAU,1,BAU
143,20GB,5,4:00:00,normalsr,maxprofit,13,"[2010, 2020, 2030, 2040, 2050]",2,False,False,soft,False,medium,CONSTANT,hard,True,on,hard,1e-05,1,HCAS,NCI,40,medium,hard,off,off,off,off,1,0.9841999999999984,BAU,BAU,1,BAU
144,20GB,5,4:00:00,normalsr,maxprofit,13,"[2010, 2020, 2030, 2040, 2050]",2,False,False,soft,False,medium,CONSTANT,hard,True,on,hard,1e-05,1,HCAS,NCI,40,medium,hard,off,off,off,off,1,0.9842999999999984,BAU,BAU,1,BAU
145,20GB,5,4:00:00,normalsr,maxprofit,13,"[2010, 2020, 2030, 2040, 2050]",2,False,False,soft,False,medium,CONSTANT,hard,True,on,hard,1e-05,1,HCAS,NCI,40,medium,hard,off,off,off,off,1,0.9843999999999984,BAU,BAU,1,BAU
146,20GB,5,4:00:00,normalsr,maxprofit,13,"[2010, 2020, 2030, 2040, 2050]",2,False,False,soft,False,medium,CONSTANT,hard,True,on,hard,1e-05,1,HCAS,NCI,40,medium,hard,off,off,off,off,1,0.9844999999999984,BAU,BAU,1,BAU
147,20GB,5,4:00:00,normalsr,maxprofit,13,"[2010, 2020, 2030, 2040, 2050]",2,False,False,soft,False,medium,CONSTANT,hard,True,on,hard,1e-05,1,HCAS,NCI,40,medium,hard,off,off,off,off,1,0.9845999999999984,BAU,BAU,1,BAU
148,20GB,5,4:00:00,normalsr,maxprofit,13,"[2010, 2020, 2030, 2040, 2050]",2,False,False,soft,False,medium,CONSTANT,hard,True,on,hard,1e-05,1,HCAS,NCI,40,medium,hard,off,off,off,off,1,0.9846999999999984,BAU,BAU,1,BAU
149,20GB,5,4:00:00,normalsr,maxprofit,13,"[2010, 2020, 2030, 2040, 2050]",2,False,False,soft,False,medium,CONSTANT,hard,True,on,hard,1e-05,1,HCAS,NCI,40,medium,hard,off,off,off,off,1,0.9847999999999983,BAU,BAU,1,BAU
150,20GB,5,4:00:00,normalsr,maxprofit,13,"[2010, 2020, 2030, 2040, 2050]",2,False,False,soft,False,medium,CONSTANT,hard,True,on,hard,1e-05,1,HCAS,NCI,40,medium,hard,off,off,off,off,1,0.9848999999999983,BAU,BAU,1,BAU
151,20GB,5,4:00:00,normalsr,maxprofit,13,"[2010, 2020, 2030, 2040, 2050]",2,False,False,soft,False,medium,CONSTANT,hard,True,on,hard,1e-05,1,HCAS,NCI,40,medium,hard,off,off,off,off,1,0.9849999999999983,BAU,BAU,1,BAU
152,20GB,5,4:00:00,normalsr,maxprofit,13,"[2010, 2020, 2030, 2040, 2050]",2,False,False,soft,False,medium,CONSTANT,hard,True,on,hard,1e-05,1,HCAS,NCI,40,medium,hard,off,off,off,off,1,0.9850999999999983,BAU,BAU,1,BAU
153,20GB,5,4:00:00,normalsr,maxprofit,13,"[2010, 2020, 2030, 2040, 2050]",2,False,False,soft,False,medium,CONSTANT,hard,True,on,hard,1e-05,1,HCAS,NCI,40,medium,hard,off,off,off,off,1,0.9851999999999983,BAU,BAU,1,BAU
154,20GB,5,4:00:00,normalsr,maxprofit,13,"[2010, 2020, 2030, 2040, 2050]",2,False,False,soft,False,medium,CONSTANT,hard,True,on,hard,1e-05,1,HCAS,NCI,40,medium,hard,off,off,off,off,1,0.9852999999999983,BAU,BAU,1,BAU
155,20GB,5,4:00:00,normalsr,maxprofit,13,"[2010, 2020, 2030, 2040, 2050]",2,False,False,soft,False,medium,CONSTANT,hard,True,on,hard,1e-05,1,HCAS,NCI,40,medium,hard,off,off,off,off,1,0.9853999999999983,BAU,BAU,1,BAU
156,20GB,5,4:00:00,normalsr,maxprofit,13,"[2010, 2020, 2030, 2040, 2050]",2,False,False,soft,False,medium,CONSTANT,hard,True,on,hard,1e-05,1,HCAS,NCI,40,medium,hard,off,off,off,off,1,0.9854999999999983,BAU,BAU,1,BAU
157,20GB,5,4:00:00,normalsr,maxprofit,13,"[2010, 2020, 2030, 2040, 2050]",2,False,False,soft,False,medium,CONSTANT,hard,True,on,hard,1e-05,1,HCAS,NCI,40,medium,hard,off,off,off,off,1,0.9855999999999983,BAU,BAU,1,BAU
158,20GB,5,4:00:00,normalsr,maxprofit,13,"[2010, 2020, 2030, 2040, 2050]",2,False,False,soft,False,medium,CONSTANT,hard,True,on,hard,1e-05,1,HCAS,NCI,40,medium,hard,off,off,off,off,1,0.9856999999999982,BAU,BAU,1,BAU
159,20GB,5,4:00:00,normalsr,maxprofit,13,"[2010, 2020, 2030, 2040, 2050]",2,False,False,soft,False,medium,CONSTANT,hard,True,on,hard,1e-05,1,HCAS,NCI,40,medium,hard,off,off,off,off,1,0.9857999999999982,BAU,BAU,1,BAU
160,20GB,5,4:00:00,normalsr,maxprofit,13,"[2010, 2020, 2030, 2040, 2050]",2,False,False,soft,False,medium,CONSTANT,hard,True,on,hard,1e-05,1,HCAS,NCI,40,medium,hard,off,off,off,off,1,0.9858999999999982,BAU,BAU,1,BAU
161,20GB,5,4:00:00,normalsr,maxprofit,13,"[2010, 2020, 2030, 2040, 2050]",2,False,False,soft,False,medium,CONSTANT,hard,True,on,hard,1e-05,1,HCAS,NCI,40,medium,hard,off,off,off,off,1,0.9859999999999982,BAU,BAU,1,BAU
162,20GB,5,4:00:00,normalsr,maxprofit,13,"[2010, 2020, 2030, 2040, 2050]",2,False,False,soft,False,medium,CONSTANT,hard,True,on,hard,1e-05,1,HCAS,NCI,40,medium,hard,off,off,off,off,1,0.9860999999999982,BAU,BAU,1,BAU
163,20GB,5,4:00:00,normalsr,maxprofit,13,"[2010, 2020, 2030, 2040, 2050]",2,False,False,soft,False,medium,CONSTANT,hard,True,on,hard,1e-05,1,HCAS,NCI,40,medium,hard,off,off,off,off,1,0.9861999999999982,BAU,BAU,1,BAU
164,20GB,5,4:00:00,normalsr,maxprofit,13,"[2010, 2020, 2030, 2040, 2050]",2,False,False,soft,False,medium,CONSTANT,hard,True,on,hard,1e-05,1,HCAS,NCI,40,medium,hard,off,off,off,off,1,0.9862999999999982,BAU,BAU,1,BAU
165,20GB,5,4:00:00,normalsr,maxprofit,13,"[2010, 2020, 2030, 2040, 2050]",2,False,False,soft,False,medium,CONSTANT,hard,True,on,hard,1e-05,1,HCAS,NCI,40,medium,hard,off,off,off,off,1,0.9863999999999982,BAU,BAU,1,BAU
166,20GB,5,4:00:00,normalsr,maxprofit,13,"[2010, 2020, 2030, 2040, 2050]",2,False,False,soft,False,medium,CONSTANT,hard,True,on,hard,1e-05,1,HCAS,NCI,40,medium,hard,off,off,off,off,1,0.9864999999999982,BAU,BAU,1,BAU
167,20GB,5,4:00:00,normalsr,maxprofit,13,"[2010, 2020, 2030, 2040, 2050]",2,False,False,soft,False,medium,CONSTANT,hard,True,on,hard,1e-05,1,HCAS,NCI,40,medium,hard,off,off,off,off,1,0.9865999999999981,BAU,BAU,1,BAU
168,20GB,5,4:00:00,normalsr,maxprofit,13,"[2010, 2020, 2030, 2040, 2050]",2,False,False,soft,False,medium,CONSTANT,hard,True,on,hard,1e-05,1,HCAS,NCI,40,medium,hard,off,off,off,off,1,0.9866999999999981,BAU,BAU,1,BAU
169,20GB,5,4:00:00,normalsr,maxprofit,13,"[2010, 2020, 2030, 2040, 2050]",2,False,False,soft,False,medium,CONSTANT,hard,True,on,hard,1e-05,1,HCAS,NCI,40,medium,hard,off,off,off,off,1,0.9867999999999981,BAU,BAU,1,BAU
170,20GB,5,4:00:00,normalsr,maxprofit,13,"[2010, 2020, 2030, 2040, 2050]",2,False,False,soft,False,medium,CONSTANT,hard,True,on,hard,1e-05,1,HCAS,NCI,40,medium,hard,off,off,off,off,1,0.9868999999999981,BAU,BAU,1,BAU
171,20GB,5,4:00:00,normalsr,maxprofit,13,"[2010, 2020, 2030, 2040, 2050]",2,False,False,soft,False,medium,CONSTANT,hard,True,on,hard,1e-05,1,HCAS,NCI,40,medium,hard,off,off,off,off,1,0.9869999999999981,BAU,BAU,1,BAU
172,20GB,5,4:00:00,normalsr,maxprofit,13,"[2010, 2020, 2030, 2040, 2050]",2,False,False,soft,False,medium,CONSTANT,hard,True,on,hard,1e-05,1,HCAS,NCI,40,medium,hard,off,off,off,off,1,0.9870999999999981,BAU,BAU,1,BAU
173,20GB,5,4:00:00,normalsr,maxprofit,13,"[2010, 2020, 2030, 2040, 2050]",2,False,False,soft,False,medium,CONSTANT,hard,True,on,hard,1e-05,1,HCAS,NCI,40,medium,hard,off,off,off,off,1,0.9871999999999981,BAU,BAU,1,BAU
174,20GB,5,4:00:00,normalsr,maxprofit,13,"[2010, 2020, 2030, 2040, 2050]",2,False,False,soft,False,medium,CONSTANT,hard,True,on,hard,1e-05,1,HCAS,NCI,40,medium,hard,off,off,off,off,1,0.9872999999999981,BAU,BAU,1,BAU
175,20GB,5,4:00:00,normalsr,maxprofit,13,"[2010, 2020, 2030, 2040, 2050]",2,False,False,soft,False,medium,CONSTANT,hard,True,on,hard,1e-05,1,HCAS,NCI,40,medium,hard,off,off,off,off,1,0.9873999999999981,BAU,BAU,1,BAU
176,20GB,5,4:00:00,normalsr,maxprofit,13,"[2010, 2020, 2030, 2040, 2050]",2,False,False,soft,False,medium,CONSTANT,hard,True,on,hard,1e-05,1,HCAS,NCI,40,medium,hard,off,off,off,off,1,0.987499999999998,BAU,BAU,1,BAU
177,20GB,5,4:00:00,normalsr,maxprofit,13,"[2010, 2020, 2030, 2040, 2050]",2,False,False,soft,False,medium,CONSTANT,hard,True,on,hard,1e-05,1,HCAS,NCI,40,medium,hard,off,off,off,off,1,0.987599999999998,BAU,BAU,1,BAU
178,20GB,5,4:00:00,normalsr,maxprofit,13,"[2010, 2020, 2030, 2040, 2050]",2,False,False,soft,False,medium,CONSTANT,hard,True,on,hard,1e-05,1,HCAS,NCI,40,medium,hard,off,off,off,off,1,0.987699999999998,BAU,BAU,1,BAU
179,20GB,5,4:00:00,normalsr,maxprofit,13,"[2010, 2020, 2030, 2040, 2050]",2,False,False,soft,False,medium,CONSTANT,hard,True,on,hard,1e-05,1,HCAS,NCI,40,medium,hard,off,off,off,off,1,0.987799999999998,BAU,BAU,1,BAU
180,20GB,5,4:00:00,normalsr,maxprofit,13,"[2010, 2020, 2030, 2040, 2050]",2,False,False,soft,False,medium,CONSTANT,hard,True,on,hard,1e-05,1,HCAS,NCI,40,medium,hard,off,off,off,off,1,0.987899999999998,BAU,BAU,1,BAU
181,20GB,5,4:00:00,normalsr,maxprofit,13,"[2010, 2020, 2030, 2040, 2050]",2,False,False,soft,False,medium,CONSTANT,hard,True,on,hard,1e-05,1,HCAS,NCI,40,medium,hard,off,off,off,off,1,0.987999999999998,BAU,BAU,1,BAU
182,20GB,5,4:00:00,normalsr,maxprofit,13,"[2010, 2020, 2030, 2040, 2050]",2,False,False,soft,False,medium,CONSTANT,hard,True,on,hard,1e-05,1,HCAS,NCI,40,medium,hard,off,off,off,off,1,0.988099999999998,BAU,BAU,1,BAU
183,20GB,5,4:00:00,normalsr,maxprofit,13,"[2010, 2020, 2030, 2040, 2050]",2,False,False,soft,False,medium,CONSTANT,hard,True,on,hard,1e-05,1,HCAS,NCI,40,medium,hard,off,off,off,off,1,0.988199999999998,BAU,BAU,1,BAU
184,20GB,5,4:00:00,normalsr,maxprofit,13,"[2010, 2020, 2030, 2040, 2050]",2,False,False,soft,False,medium,CONSTANT,hard,True,on,hard,1e-05,1,HCAS,NCI,40,medium,hard,off,off,off,off,1,0.988299999999998,BAU,BAU,1,BAU
185,20GB,5,4:00:00,normalsr,maxprofit,13,"[2010, 2020, 2030, 2040, 2050]",2,False,False,soft,False,medium,CONSTANT,hard,True,on,hard,1e-05,1,HCAS,NCI,40,medium,hard,off,off,off,off,1,0.988399999999998,BAU,BAU,1,BAU
186,20GB,5,4:00:00,normalsr,maxprofit,13,"[2010, 2020, 2030, 2040, 2050]",2,False,False,soft,False,medium,CONSTANT,hard,True,on,hard,1e-05,1,HCAS,NCI,40,medium,hard,off,off,off,off,1,0.9884999999999979,BAU,BAU,1,BAU
187,20GB,5,4:00:00,normalsr,maxprofit,13,"[2010, 2020, 2030, 2040, 2050]",2,False,False,soft,False,medium,CONSTANT,hard,True,on,hard,1e-05,1,HCAS,NCI,40,medium,hard,off,off,off,off,1,0.9885999999999979,BAU,BAU,1,BAU
188,20GB,5,4:00:00,normalsr,maxprofit,13,"[2010, 2020, 2030, 2040, 2050]",2,False,False,soft,False,medium,CONSTANT,hard,True,on,hard,1e-05,1,HCAS,NCI,40,medium,hard,off,off,off,off,1,0.9886999999999979,BAU,BAU,1,BAU
189,20GB,5,4:00:00,normalsr,maxprofit,13,"[2010, 2020, 2030, 2040, 2050]",2,False,False,soft,False,medium,CONSTANT,hard,True,on,hard,1e-05,1,HCAS,NCI,40,medium,hard,off,off,off,off,1,0.9887999999999979,BAU,BAU,1,BAU
190,20GB,5,4:00:00,normalsr,maxprofit,13,"[2010, 2020, 2030, 2040, 2050]",2,False,False,soft,False,medium,CONSTANT,hard,True,on,hard,1e-05,1,HCAS,NCI,40,medium,hard,off,off,off,off,1,0.9888999999999979,BAU,BAU,1,BAU
191,20GB,5,4:00:00,normalsr,maxprofit,13,"[2010, 2020, 2030, 2040, 2050]",2,False,False,soft,False,medium,CONSTANT,hard,True,on,hard,1e-05,1,HCAS,NCI,40,medium,hard,off,off,off,off,1,0.9889999999999979,BAU,BAU,1,BAU
192,20GB,5,4:00:00,normalsr,maxprofit,13,"[2010, 2020, 2030, 2040, 2050]",2,False,False,soft,False,medium,CONSTANT,hard,True,on,hard,1e-05,1,HCAS,NCI,40,medium,hard,off,off,off,off,1,0.9890999999999979,BAU,BAU,1,BAU
193,20GB,5,4:00:00,normalsr,maxprofit,13,"[2010, 2020, 2030, 2040, 2050]",2,False,False,soft,False,medium,CONSTANT,hard,True,on,hard,1e-05,1,HCAS,NCI,40,medium,hard,off,off,off,off,1,0.9891999999999979,BAU,BAU,1,BAU
194,20GB,5,4:00:00,normalsr,maxprofit,13,"[2010, 2020, 2030, 2040, 2050]",2,False,False,soft,False,medium,CONSTANT,hard,True,on,hard,1e-05,1,HCAS,NCI,40,medium,hard,off,off,off,off,1,0.9892999999999978,BAU,BAU,1,BAU
195,20GB,5,4:00:00,normalsr,maxprofit,13,"[2010, 2020, 2030, 2040, 2050]",2,False,False,soft,False,medium,CONSTANT,hard,True,on,hard,1e-05,1,HCAS,NCI,40,medium,hard,off,off,off,off,1,0.9893999999999978,BAU,BAU,1,BAU
196,20GB,5,4:00:00,normalsr,maxprofit,13,"[2010, 2020, 2030, 2040, 2050]",2,False,False,soft,False,medium,CONSTANT,hard,True,on,hard,1e-05,1,HCAS,NCI,40,medium,hard,off,off,off,off,1,0.9894999999999978,BAU,BAU,1,BAU
197,20GB,5,4:00:00,normalsr,maxprofit,13,"[2010, 2020, 2030, 2040, 2050]",2,False,False,soft,False,medium,CONSTANT,hard,True,on,hard,1e-05,1,HCAS,NCI,40,medium,hard,off,off,off,off,1,0.9895999999999978,BAU,BAU,1,BAU
198,20GB,5,4:00:00,normalsr,maxprofit,13,"[2010, 2020, 2030, 2040, 2050]",2,False,False,soft,False,medium,CONSTANT,hard,True,on,hard,1e-05,1,HCAS,NCI,40,medium,hard,off,off,off,off,1,0.9896999999999978,BAU,BAU,1,BAU
199,20GB,5,4:00:00,normalsr,maxprofit,13,"[2010, 2020, 2030, 2040, 2050]",2,False,False,soft,False,medium,CONSTANT,hard,True,on,hard,1e-05,1,HCAS,NCI,40,medium,hard,off,off,off,off,1,0.9897999999999978,BAU,BAU,1,BAU
200,20GB,5,4:00:00,normalsr,maxprofit,13,"[2010, 2020, 2030, 2040, 2050]",2,False,False,soft,False,medium,CONSTANT,hard,True,on,hard,1e-05,1,HCAS,NCI,40,medium,hard,off,off,off,off,1,0.9898999999999978,BAU,BAU,1,BAU
201,20GB,5,4:00:00,normalsr,maxprofit,13,"[2010, 2020, 2030, 2040, 2050]",2,False,False,soft,False,medium,CONSTANT,hard,True,on,hard,1e-05,1,HCAS,NCI,40,medium,hard,off,off,off,off,1,0.9899999999999978,BAU,BAU,1,BAU
202,20GB,5,4:00:00,normalsr,maxprofit,13,"[2010, 2020, 2030, 2040, 2050]",2,False,False,soft,False,medium,CONSTANT,hard,True,on,hard,1e-05,1,HCAS,NCI,40,medium,hard,off,off,off,off,1,0.9900999999999978,BAU,BAU,1,BAU
203,20GB,5,4:00:00,normalsr,maxprofit,13,"[2010, 2020, 2030, 2040, 2050]",2,False,False,soft,False,medium,CONSTANT,hard,True,on,hard,1e-05,1,HCAS,NCI,40,medium,hard,off,off,off,off,1,0.9901999999999977,BAU,BAU,1,BAU
204,20GB,5,4:00:00,normalsr,maxprofit,13,"[2010, 2020, 2030, 2040, 2050]",2,False,False,soft,False,medium,CONSTANT,hard,True,on,hard,1e-05,1,HCAS,NCI,40,medium,hard,off,off,off,off,1,0.9902999999999977,BAU,BAU,1,BAU
205,20GB,5,4:00:00,normalsr,maxprofit,13,"[2010, 2020, 2030, 2040, 2050]",2,False,False,soft,False,medium,CONSTANT,hard,True,on,hard,1e-05,1,HCAS,NCI,40,medium,hard,off,off,off,off,1,0.9903999999999977,BAU,BAU,1,BAU
206,20GB,5,4:00:00,normalsr,maxprofit,13,"[2010, 2020, 2030, 2040, 2050]",2,False,False,soft,False,medium,CONSTANT,hard,True,on,hard,1e-05,1,HCAS,NCI,40,medium,hard,off,off,off,off,1,0.9904999999999977,BAU,BAU,1,BAU
207,20GB,5,4:00:00,normalsr,maxprofit,13,"[2010, 2020, 2030, 2040, 2050]",2,False,False,soft,False,medium,CONSTANT,hard,True,on,hard,1e-05,1,HCAS,NCI,40,medium,hard,off,off,off,off,1,0.9905999999999977,BAU,BAU,1,BAU
208,20GB,5,4:00:00,normalsr,maxprofit,13,"[2010, 2020, 2030, 2040, 2050]",2,False,False,soft,False,medium,CONSTANT,hard,True,on,hard,1e-05,1,HCAS,NCI,40,medium,hard,off,off,off,off,1,0.9906999999999977,BAU,BAU,1,BAU
209,20GB,5,4:00:00,normalsr,maxprofit,13,"[2010, 2020, 2030, 2040, 2050]",2,False,False,soft,False,medium,CONSTANT,hard,True,on,hard,1e-05,1,HCAS,NCI,40,medium,hard,off,off,off,off,1,0.9907999999999977,BAU,BAU,1,BAU
210,20GB,5,4:00:00,normalsr,maxprofit,13,"[2010, 2020, 2030, 2040, 2050]",2,False,False,soft,False,medium,CONSTANT,hard,True,on,hard,1e-05,1,HCAS,NCI,40,medium,hard,off,off,off,off,1,0.9908999999999977,BAU,BAU,1,BAU
211,20GB,5,4:00:00,normalsr,maxprofit,13,"[2010, 2020, 2030, 2040, 2050]",2,False,False,soft,False,medium,CONSTANT,hard,True,on,hard,1e-05,1,HCAS,NCI,40,medium,hard,off,off,off,off,1,0.9909999999999977,BAU,BAU,1,BAU
212,20GB,5,4:00:00,normalsr,maxprofit,13,"[2010, 2020, 2030, 2040, 2050]",2,False,False,soft,False,medium,CONSTANT,hard,True,on,hard,1e-05,1,HCAS,NCI,40,medium,hard,off,off,off,off,1,0.9910999999999976,BAU,BAU,1,BAU
213,20GB,5,4:00:00,normalsr,maxprofit,13,"[2010, 2020, 2030, 2040, 2050]",2,False,False,soft,False,medium,CONSTANT,hard,True,on,hard,1e-05,1,HCAS,NCI,40,medium,hard,off,off,off,off,1,0.9911999999999976,BAU,BAU,1,BAU
214,20GB,5,4:00:00,normalsr,maxprofit,13,"[2010, 2020, 2030, 2040, 2050]",2,False,False,soft,False,medium,CONSTANT,hard,True,on,hard,1e-05,1,HCAS,NCI,40,medium,hard,off,off,off,off,1,0.9912999999999976,BAU,BAU,1,BAU
215,20GB,5,4:00:00,normalsr,maxprofit,13,"[2010, 2020, 2030, 2040, 2050]",2,False,False,soft,False,medium,CONSTANT,hard,True,on,hard,1e-05,1,HCAS,NCI,40,medium,hard,off,off,off,off,1,0.9913999999999976,BAU,BAU,1,BAU
216,20GB,5,4:00:00,normalsr,maxprofit,13,"[2010, 2020, 2030, 2040, 2050]",2,False,False,soft,False,medium,CONSTANT,hard,True,on,hard,1e-05,1,HCAS,NCI,40,medium,hard,off,off,off,off,1,0.9914999999999976,BAU,BAU,1,BAU
217,20GB,5,4:00:00,normalsr,maxprofit,13,"[2010, 2020, 2030, 2040, 2050]",2,False,False,soft,False,medium,CONSTANT,hard,True,on,hard,1e-05,1,HCAS,NCI,40,medium,hard,off,off,off,off,1,0.9915999999999976,BAU,BAU,1,BAU
218,20GB,5,4:00:00,normalsr,maxprofit,13,"[2010, 2020, 2030, 2040, 2050]",2,False,False,soft,False,medium,CONSTANT,hard,True,on,hard,1e-05,1,HCAS,NCI,40,medium,hard,off,off,off,off,1,0.9916999999999976,BAU,BAU,1,BAU
219,20GB,5,4:00:00,normalsr,maxprofit,13,"[2010, 2020, 2030, 2040, 2050]",2,False,False,soft,False,medium,CONSTANT,hard,True,on,hard,1e-05,1,HCAS,NCI,40,medium,hard,off,off,off,off,1,0.9917999999999976,BAU,BAU,1,BAU
220,20GB,5,4:00:00,normalsr,maxprofit,13,"[2010, 2020, 2030, 2040, 2050]",2,False,False,soft,False,medium,CONSTANT,hard,True,on,hard,1e-05,1,HCAS,NCI,40,medium,hard,off,off,off,off,1,0.9918999999999976,BAU,BAU,1,BAU
221,20GB,5,4:00:00,normalsr,maxprofit,13,"[2010, 2020, 2030, 2040, 2050]",2,False,False,soft,False,medium,CONSTANT,hard,True,on,hard,1e-05,1,HCAS,NCI,40,medium,hard,off,off,off,off,1,0.9919999999999976,BAU,BAU,1,BAU
222,20GB,5,4:00:00,normalsr,maxprofit,13,"[2010, 2020, 2030, 2040, 2050]",2,False,False,soft,False,medium,CONSTANT,hard,True,on,hard,1e-05,1,HCAS,NCI,40,medium,hard,off,off,off,off,1,0.9920999999999975,BAU,BAU,1,BAU
223,20GB,5,4:00:00,normalsr,maxprofit,13,"[2010, 2020, 2030, 2040, 2050]",2,False,False,soft,False,medium,CONSTANT,hard,True,on,hard,1e-05,1,HCAS,NCI,40,medium,hard,off,off,off,off,1,0.9921999999999975,BAU,BAU,1,BAU
224,20GB,5,4:00:00,normalsr,maxprofit,13,"[2010, 2020, 2030, 2040, 2050]",2,False,False,soft,False,medium,CONSTANT,hard,True,on,hard,1e-05,1,HCAS,NCI,40,medium,hard,off,off,off,off,1,0.9922999999999975,BAU,BAU,1,BAU
225,20GB,5,4:00:00,normalsr,maxprofit,13,"[2010, 2020, 2030, 2040, 2050]",2,False,False,soft,False,medium,CONSTANT,hard,True,on,hard,1e-05,1,HCAS,NCI,40,medium,hard,off,off,off,off,1,0.9923999999999975,BAU,BAU,1,BAU
226,20GB,5,4:00:00,normalsr,maxprofit,13,"[2010, 2020, 2030, 2040, 2050]",2,False,False,soft,False,medium,CONSTANT,hard,True,on,hard,1e-05,1,HCAS,NCI,40,medium,hard,off,off,off,off,1,0.9924999999999975,BAU,BAU,1,BAU
227,20GB,5,4:00:00,normalsr,maxprofit,13,"[2010, 2020, 2030, 2040, 2050]",2,False,False,soft,False,medium,CONSTANT,hard,True,on,hard,1e-05,1,HCAS,NCI,40,medium,hard,off,off,off,off,1,0.9925999999999975,BAU,BAU,1,BAU
228,20GB,5,4:00:00,normalsr,maxprofit,13,"[2010, 2020, 2030, 2040, 2050]",2,False,False,soft,False,medium,CONSTANT,hard,True,on,hard,1e-05,1,HCAS,NCI,40,medium,hard,off,off,off,off,1,0.9926999999999975,BAU,BAU,1,BAU
229,20GB,5,4:00:00,normalsr,maxprofit,13,"[2010, 2020, 2030, 2040, 2050]",2,False,False,soft,False,medium,CONSTANT,hard,True,on,hard,1e-05,1,HCAS,NCI,40,medium,hard,off,off,off,off,1,0.9927999999999975,BAU,BAU,1,BAU
230,20GB,5,4:00:00,normalsr,maxprofit,13,"[2010, 2020, 2030, 2040, 2050]",2,False,False,soft,False,medium,CONSTANT,hard,True,on,hard,1e-05,1,HCAS,NCI,40,medium,hard,off,off,off,off,1,0.9928999999999975,BAU,BAU,1,BAU
231,20GB,5,4:00:00,normalsr,maxprofit,13,"[2010, 2020, 2030, 2040, 2050]",2,False,False,soft,False,medium,CONSTANT,hard,True,on,hard,1e-05,1,HCAS,NCI,40,medium,hard,off,off,off,off,1,0.9929999999999974,BAU,BAU,1,BAU
232,20GB,5,4:00:00,normalsr,maxprofit,13,"[2010, 2020, 2030, 2040, 2050]",2,False,False,soft,False,medium,CONSTANT,hard,True,on,hard,1e-05,1,HCAS,NCI,40,medium,hard,off,off,off,off,1,0.9930999999999974,BAU,BAU,1,BAU
233,20GB,5,4:00:00,normalsr,maxprofit,13,"[2010, 2020, 2030, 2040, 2050]",2,False,False,soft,False,medium,CONSTANT,hard,True,on,hard,1e-05,1,HCAS,NCI,40,medium,hard,off,off,off,off,1,0.9931999999999974,BAU,BAU,1,BAU
234,20GB,5,4:00:00,normalsr,maxprofit,13,"[2010, 2020, 2030, 2040, 2050]",2,False,False,soft,False,medium,CONSTANT,hard,True,on,hard,1e-05,1,HCAS,NCI,40,medium,hard,off,off,off,off,1,0.9932999999999974,BAU,BAU,1,BAU
235,20GB,5,4:00:00,normalsr,maxprofit,13,"[2010, 2020, 2030, 2040, 2050]",2,False,False,soft,False,medium,CONSTANT,hard,True,on,hard,1e-05,1,HCAS,NCI,40,medium,hard,off,off,off,off,1,0.9933999999999974,BAU,BAU,1,BAU
236,20GB,5,4:00:00,normalsr,maxprofit,13,"[2010, 2020, 2030, 2040, 2050]",2,False,False,soft,False,medium,CONSTANT,hard,True,on,hard,1e-05,1,HCAS,NCI,40,medium,hard,off,off,off,off,1,0.9934999999999974,BAU,BAU,1,BAU
237,20GB,5,4:00:00,normalsr,maxprofit,13,"[2010, 2020, 2030, 2040, 2050]",2,False,False,soft,False,medium,CONSTANT,hard,True,on,hard,1e-05,1,HCAS,NCI,40,medium,hard,off,off,off,off,1,0.9935999999999974,BAU,BAU,1,BAU
238,20GB,5,4:00:00,normalsr,maxprofit,13,"[2010, 2020, 2030, 2040, 2050]",2,False,False,soft,False,medium,CONSTANT,hard,True,on,hard,1e-05,1,HCAS,NCI,40,medium,hard,off,off,off,off,1,0.9936999999999974,BAU,BAU,1,BAU
239,20GB,5,4:00:00,normalsr,maxprofit,13,"[2010, 2020, 2030, 2040, 2050]",2,False,False,soft,False,medium,CONSTANT,hard,True,on,hard,1e-05,1,HCAS,NCI,40,medium,hard,off,off,off,off,1,0.9937999999999974,BAU,BAU,1,BAU
240,20GB,5,4:00:00,normalsr,maxprofit,13,"[2010, 2020, 2030, 2040, 2050]",2,False,False,soft,False,medium,CONSTANT,hard,True,on,hard,1e-05,1,HCAS,NCI,40,medium,hard,off,off,off,off,1,0.9938999999999973,BAU,BAU,1,BAU
241,20GB,5,4:00:00,normalsr,maxprofit,13,"[2010, 2020, 2030, 2040, 2050]",2,False,False,soft,False,medium,CONSTANT,hard,True,on,hard,1e-05,1,HCAS,NCI,40,medium,hard,off,off,off,off,1,0.9939999999999973,BAU,BAU,1,BAU
242,20GB,5,4:00:00,normalsr,maxprofit,13,"[2010, 2020, 2030, 2040, 2050]",2,False,False,soft,False,medium,CONSTANT,hard,True,on,hard,1e-05,1,HCAS,NCI,40,medium,hard,off,off,off,off,1,0.9940999999999973,BAU,BAU,1,BAU
243,20GB,5,4:00:00,normalsr,maxprofit,13,"[2010, 2020, 2030, 2040, 2050]",2,False,False,soft,False,medium,CONSTANT,hard,True,on,hard,1e-05,1,HCAS,NCI,40,medium,hard,off,off,off,off,1,0.9941999999999973,BAU,BAU,1,BAU
244,20GB,5,4:00:00,normalsr,maxprofit,13,"[2010, 2020, 2030, 2040, 2050]",2,False,False,soft,False,medium,CONSTANT,hard,True,on,hard,1e-05,1,HCAS,NCI,40,medium,hard,off,off,off,off,1,0.9942999999999973,BAU,BAU,1,BAU
245,20GB,5,4:00:00,normalsr,maxprofit,13,"[2010, 2020, 2030, 2040, 2050]",2,False,False,soft,False,medium,CONSTANT,hard,True,on,hard,1e-05,1,HCAS,NCI,40,medium,hard,off,off,off,off,1,0.9943999999999973,BAU,BAU,1,BAU
246,20GB,5,4:00:00,normalsr,maxprofit,13,"[2010, 2020, 2030, 2040, 2050]",2,False,False,soft,False,medium,CONSTANT,hard,True,on,hard,1e-05,1,HCAS,NCI,40,medium,hard,off,off,off,off,1,0.9944999999999973,BAU,BAU,1,BAU
247,20GB,5,4:00:00,normalsr,maxprofit,13,"[2010, 2020, 2030, 2040, 2050]",2,False,False,soft,False,medium,CONSTANT,hard,True,on,hard,1e-05,1,HCAS,NCI,40,medium,hard,off,off,off,off,1,0.9945999999999973,BAU,BAU,1,BAU
248,20GB,5,4:00:00,normalsr,maxprofit,13,"[2010, 2020, 2030, 2040, 2050]",2,False,False,soft,False,medium,CONSTANT,hard,True,on,hard,1e-05,1,HCAS,NCI,40,medium,hard,off,off,off,off,1,0.9946999999999973,BAU,BAU,1,BAU
249,20GB,5,4:00:00,normalsr,maxprofit,13,"[2010, 2020, 2030, 2040, 2050]",2,False,False,soft,False,medium,CONSTANT,hard,True,on,hard,1e-05,1,HCAS,NCI,40,medium,hard,off,off,off,off,1,0.9947999999999972,BAU,BAU,1,BAU
250,20GB,5,4:00:00,normalsr,maxprofit,13,"[2010, 2020, 2030, 2040, 2050]",2,False,False,soft,False,medium,CONSTANT,hard,True,on,hard,1e-05,1,HCAS,NCI,40,medium,hard,off,off,off,off,1,0.9948999999999972,BAU,BAU,1,BAU
251,20GB,5,4:00:00,normalsr,maxprofit,13,"[2010, 2020, 2030, 2040, 2050]",2,False,False,soft,False,medium,CONSTANT,hard,True,on,hard,1e-05,1,HCAS,NCI,40,medium,hard,off,off,off,off,1,0.9949999999999972,BAU,BAU,1,BAU
252,20GB,5,4:00:00,normalsr,maxprofit,13,"[2010, 2020, 2030, 2040, 2050]",2,False,False,soft,False,medium,CONSTANT,hard,True,on,hard,1e-05,1,HCAS,NCI,40,medium,hard,off,off,off,off,1,0.9950999999999972,BAU,BAU,1,BAU
253,20GB,5,4:00:00,normalsr,maxprofit,13,"[2010, 2020, 2030, 2040, 2050]",2,False,False,soft,False,medium,CONSTANT,hard,True,on,hard,1e-05,1,HCAS,NCI,40,medium,hard,off,off,off,off,1,0.9951999999999972,BAU,BAU,1,BAU
254,20GB,5,4:00:00,normalsr,maxprofit,13,"[2010, 2020, 2030, 2040, 2050]",2,False,False,soft,False,medium,CONSTANT,hard,True,on,hard,1e-05,1,HCAS,NCI,40,medium,hard,off,off,off,off,1,0.9952999999999972,BAU,BAU,1,BAU
255,20GB,5,4:00:00,normalsr,maxprofit,13,"[2010, 2020, 2030, 2040, 2050]",2,False,False,soft,False,medium,CONSTANT,hard,True,on,hard,1e-05,1,HCAS,NCI,40,medium,hard,off,off,off,off,1,0.9953999999999972,BAU,BAU,1,BAU
256,20GB,5,4:00:00,normalsr,maxprofit,13,"[2010, 2020, 2030, 2040, 2050]",2,False,False,soft,False,medium,CONSTANT,hard,True,on,hard,1e-05,1,HCAS,NCI,40,medium,hard,off,off,off,off,1,0.9954999999999972,BAU,BAU,1,BAU
257,20GB,5,4:00:00,normalsr,maxprofit,13,"[2010, 2020, 2030, 2040, 2050]",2,False,False,soft,False,medium,CONSTANT,hard,True,on,hard,1e-05,1,HCAS,NCI,40,medium,hard,off,off,off,off,1,0.9955999999999972,BAU,BAU,1,BAU
258,20GB,5,4:00:00,normalsr,maxprofit,13,"[2010, 2020, 2030, 2040, 2050]",2,False,False,soft,False,medium,CONSTANT,hard,True,on,hard,1e-05,1,HCAS,NCI,40,medium,hard,off,off,off,off,1,0.9956999999999971,BAU,BAU,1,BAU
259,20GB,5,4:00:00,normalsr,maxprofit,13,"[2010, 2020, 2030, 2040, 2050]",2,False,False,soft,False,medium,CONSTANT,hard,True,on,hard,1e-05,1,HCAS,NCI,40,medium,hard,off,off,off,off,1,0.9957999999999971,BAU,BAU,1,BAU
260,20GB,5,4:00:00,normalsr,maxprofit,13,"[2010, 2020, 2030, 2040, 2050]",2,False,False,soft,False,medium,CONSTANT,hard,True,on,hard,1e-05,1,HCAS,NCI,40,medium,hard,off,off,off,off,1,0.9958999999999971,BAU,BAU,1,BAU
261,20GB,5,4:00:00,normalsr,maxprofit,13,"[2010, 2020, 2030, 2040, 2050]",2,False,False,soft,False,medium,CONSTANT,hard,True,on,hard,1e-05,1,HCAS,NCI,40,medium,hard,off,off,off,off,1,0.9959999999999971,BAU,BAU,1,BAU
262,20GB,5,4:00:00,normalsr,maxprofit,13,"[2010, 2020, 2030, 2040, 2050]",2,False,False,soft,False,medium,CONSTANT,hard,True,on,hard,1e-05,1,HCAS,NCI,40,medium,hard,off,off,off,off,1,0.9960999999999971,BAU,BAU,1,BAU
263,20GB,5,4:00:00,normalsr,maxprofit,13,"[2010, 2020, 2030, 2040, 2050]",2,False,False,soft,False,medium,CONSTANT,hard,True,on,hard,1e-05,1,HCAS,NCI,40,medium,hard,off,off,off,off,1,0.9961999999999971,BAU,BAU,1,BAU
264,20GB,5,4:00:00,normalsr,maxprofit,13,"[2010, 2020, 2030, 2040, 2050]",2,False,False,soft,False,medium,CONSTANT,hard,True,on,hard,1e-05,1,HCAS,NCI,40,medium,hard,off,off,off,off,1,0.9962999999999971,BAU,BAU,1,BAU
265,20GB,5,4:00:00,normalsr,maxprofit,13,"[2010, 2020, 2030, 2040, 2050]",2,False,False,soft,False,medium,CONSTANT,hard,True,on,hard,1e-05,1,HCAS,NCI,40,medium,hard,off,off,off,off,1,0.9963999999999971,BAU,BAU,1,BAU
266,20GB,5,4:00:00,normalsr,maxprofit,13,"[2010, 2020, 2030, 2040, 2050]",2,False,False,soft,False,medium,CONSTANT,hard,True,on,hard,1e-05,1,HCAS,NCI,40,medium,hard,off,off,off,off,1,0.996499999999997,BAU,BAU,1,BAU
267,20GB,5,4:00:00,normalsr,maxprofit,13,"[2010, 2020, 2030, 2040, 2050]",2,False,False,soft,False,medium,CONSTANT,hard,True,on,hard,1e-05,1,HCAS,NCI,40,medium,hard,off,off,off,off,1,0.996599999999997,BAU,BAU,1,BAU
268,20GB,5,4:00:00,normalsr,maxprofit,13,"[2010, 2020, 2030, 2040, 2050]",2,False,False,soft,False,medium,CONSTANT,hard,True,on,hard,1e-05,1,HCAS,NCI,40,medium,hard,off,off,off,off,1,0.996699999999997,BAU,BAU,1,BAU
269,20GB,5,4:00:00,normalsr,maxprofit,13,"[2010, 2020, 2030, 2040, 2050]",2,False,False,soft,False,medium,CONSTANT,hard,True,on,hard,1e-05,1,HCAS,NCI,40,medium,hard,off,off,off,off,1,0.996799999999997,BAU,BAU,1,BAU
270,20GB,5,4:00:00,normalsr,maxprofit,13,"[2010, 2020, 2030, 2040, 2050]",2,False,False,soft,False,medium,CONSTANT,hard,True,on,hard,1e-05,1,HCAS,NCI,40,medium,hard,off,off,off,off,1,0.996899999999997,BAU,BAU,1,BAU
271,20GB,5,4:00:00,normalsr,maxprofit,13,"[2010, 2020, 2030, 2040, 2050]",2,False,False,soft,False,medium,CONSTANT,hard,True,on,hard,1e-05,1,HCAS,NCI,40,medium,hard,off,off,off,off,1,0.996999999999997,BAU,BAU,1,BAU
272,20GB,5,4:00:00,normalsr,maxprofit,13,"[2010, 2020, 2030, 2040, 2050]",2,False,False,soft,False,medium,CONSTANT,hard,True,on,hard,1e-05,1,HCAS,NCI,40,medium,hard,off,off,off,off,1,0.997099999999997,BAU,BAU,1,BAU
273,20GB,5,4:00:00,normalsr,maxprofit,13,"[2010, 2020, 2030, 2040, 2050]",2,False,False,soft,False,medium,CONSTANT,hard,True,on,hard,1e-05,1,HCAS,NCI,40,medium,hard,off,off,off,off,1,0.997199999999997,BAU,BAU,1,BAU
274,20GB,5,4:00:00,normalsr,maxprofit,13,"[2010, 2020, 2030, 2040, 2050]",2,False,False,soft,False,medium,CONSTANT,hard,True,on,hard,1e-05,1,HCAS,NCI,40,medium,hard,off,off,off,off,1,0.997299999999997,BAU,BAU,1,BAU
275,20GB,5,4:00:00,normalsr,maxprofit,13,"[2010, 2020, 2030, 2040, 2050]",2,False,False,soft,False,medium,CONSTANT,hard,True,on,hard,1e-05,1,HCAS,NCI,40,medium,hard,off,off,off,off,1,0.997399999999997,BAU,BAU,1,BAU
276,20GB,5,4:00:00,normalsr,maxprofit,13,"[2010, 2020, 2030, 2040, 2050]",2,False,False,soft,False,medium,CONSTANT,hard,True,on,hard,1e-05,1,HCAS,NCI,40,medium,hard,off,off,off,off,1,0.997499999999997,BAU,BAU,1,BAU
277,20GB,5,4:00:00,normalsr,maxprofit,13,"[2010, 2020, 2030, 2040, 2050]",2,False,False,soft,False,medium,CONSTANT,hard,True,on,hard,1e-05,1,HCAS,NCI,40,medium,hard,off,off,off,off,1,0.9975999999999969,BAU,BAU,1,BAU
278,20GB,5,4:00:00,normalsr,maxprofit,13,"[2010, 2020, 2030, 2040, 2050]",2,False,False,soft,False,medium,CONSTANT,hard,True,on,hard,1e-05,1,HCAS,NCI,40,medium,hard,off,off,off,off,1,0.9976999999999969,BAU,BAU,1,BAU
279,20GB,5,4:00:00,normalsr,maxprofit,13,"[2010, 2020, 2030, 2040, 2050]",2,False,False,soft,False,medium,CONSTANT,hard,True,on,hard,1e-05,1,HCAS,NCI,40,medium,hard,off,off,off,off,1,0.9977999999999969,BAU,BAU,1,BAU
280,20GB,5,4:00:00,normalsr,maxprofit,13,"[2010, 2020, 2030, 2040, 2050]",2,False,False,soft,False,medium,CONSTANT,hard,True,on,hard,1e-05,1,HCAS,NCI,40,medium,hard,off,off,off,off,1,0.9978999999999969,BAU,BAU,1,BAU
281,20GB,5,4:00:00,normalsr,maxprofit,13,"[2010, 2020, 2030, 2040, 2050]",2,False,False,soft,False,medium,CONSTANT,hard,True,on,hard,1e-05,1,HCAS,NCI,40,medium,hard,off,off,off,off,1,0.9979999999999969,BAU,BAU,1,BAU
282,20GB,5,4:00:00,normalsr,maxprofit,13,"[2010, 2020, 2030, 2040, 2050]",2,False,False,soft,False,medium,CONSTANT,hard,True,on,hard,1e-05,1,HCAS,NCI,40,medium,hard,off,off,off,off,1,0.9980999999999969,BAU,BAU,1,BAU
283,20GB,5,4:00:00,normalsr,maxprofit,13,"[2010, 2020, 2030, 2040, 2050]",2,False,False,soft,False,medium,CONSTANT,hard,True,on,hard,1e-05,1,HCAS,NCI,40,medium,hard,off,off,off,off,1,0.9981999999999969,BAU,BAU,1,BAU
284,20GB,5,4:00:00,normalsr,maxprofit,13,"[2010, 2020, 2030, 2040, 2050]",2,False,False,soft,False,medium,CONSTANT,hard,True,on,hard,1e-05,1,HCAS,NCI,40,medium,hard,off,off,off,off,1,0.9982999999999969,BAU,BAU,1,BAU
285,20GB,5,4:00:00,normalsr,maxprofit,13,"[2010, 2020, 2030, 2040, 2050]",2,False,False,soft,False,medium,CONSTANT,hard,True,on,hard,1e-05,1,HCAS,NCI,40,medium,hard,off,off,off,off,1,0.9983999999999968,BAU,BAU,1,BAU
286,20GB,5,4:00:00,normalsr,maxprofit,13,"[2010, 2020, 2030, 2040, 2050]",2,False,False,soft,False,medium,CONSTANT,hard,True,on,hard,1e-05,1,HCAS,NCI,40,medium,hard,off,off,off,off,1,0.9984999999999968,BAU,BAU,1,BAU
287,20GB,5,4:00:00,normalsr,maxprofit,13,"[2010, 2020, 2030, 2040, 2050]",2,False,False,soft,False,medium,CONSTANT,hard,True,on,hard,1e-05,1,HCAS,NCI,40,medium,hard,off,off,off,off,1,0.9985999999999968,BAU,BAU,1,BAU
288,20GB,5,4:00:00,normalsr,maxprofit,13,"[2010, 2020, 2030, 2040, 2050]",2,False,False,soft,False,medium,CONSTANT,hard,True,on,hard,1e-05,1,HCAS,NCI,40,medium,hard,off,off,off,off,1,0.9986999999999968,BAU,BAU,1,BAU
289,20GB,5,4:00:00,normalsr,maxprofit,13,"[2010, 2020, 2030, 2040, 2050]",2,False,False,soft,False,medium,CONSTANT,hard,True,on,hard,1e-05,1,HCAS,NCI,40,medium,hard,off,off,off,off,1,0.9987999999999968,BAU,BAU,1,BAU
290,20GB,5,4:00:00,normalsr,maxprofit,13,"[2010, 2020, 2030, 2040, 2050]",2,False,False,soft,False,medium,CONSTANT,hard,True,on,hard,1e-05,1,HCAS,NCI,40,medium,hard,off,off,off,off,1,0.9988999999999968,BAU,BAU,1,BAU
291,20GB,5,4:00:00,normalsr,maxprofit,13,"[2010, 2020, 2030, 2040, 2050]",2,False,False,soft,False,medium,CONSTANT,hard,True,on,hard,1e-05,1,HCAS,NCI,40,medium,hard,off,off,off,off,1,0.9989999999999968,BAU,BAU,1,BAU
292,20GB,5,4:00:00,normalsr,maxprofit,13,"[2010, 2020, 2030, 2040, 2050]",2,False,False,soft,False,medium,CONSTANT,hard,True,on,hard,1e-05,1,HCAS,NCI,40,medium,hard,off,off,off,off,1,0.9990999999999968,BAU,BAU,1,BAU
293,20GB,5,4:00:00,normalsr,maxprofit,13,"[2010, 2020, 2030, 2040, 2050]",2,False,False,soft,False,medium,CONSTANT,hard,True,on,hard,1e-05,1,HCAS,NCI,40,medium,hard,off,off,off,off,1,0.9991999999999968,BAU,BAU,1,BAU
294,20GB,5,4:00:00,normalsr,maxprofit,13,"[2010, 2020, 2030, 2040, 2050]",2,False,False,soft,False,medium,CONSTANT,hard,True,on,hard,1e-05,1,HCAS,NCI,40,medium,hard,off,off,off,off,1,0.9992999999999967,BAU,BAU,1,BAU
295,20GB,5,4:00:00,normalsr,maxprofit,13,"[2010, 2020, 2030, 2040, 2050]",2,False,False,soft,False,medium,CONSTANT,hard,True,on,hard,1e-05,1,HCAS,NCI,40,medium,hard,off,off,off,off,1,0.9993999999999967,BAU,BAU,1,BAU
296,20GB,5,4:00:00,normalsr,maxprofit,13,"[2010, 2020, 2030, 2040, 2050]",2,False,False,soft,False,medium,CONSTANT,hard,True,on,hard,1e-05,1,HCAS,NCI,40,medium,hard,off,off,off,off,1,0.9994999999999967,BAU,BAU,1,BAU
297,20GB,5,4:00:00,normalsr,maxprofit,13,"[2010, 2020, 2030, 2040, 2050]",2,False,False,soft,False,medium,CONSTANT,hard,True,on,hard,1e-05,1,HCAS,NCI,40,medium,hard,off,off,off,off,1,0.9995999999999967,BAU,BAU,1,BAU
298,20GB,5,4:00:00,normalsr,maxprofit,13,"[2010, 2020, 2030, 2040, 2050]",2,False,False,soft,False,medium,CONSTANT,hard,True,on,hard,1e-05,1,HCAS,NCI,40,medium,hard,off,off,off,off,1,0.9996999999999967,BAU,BAU,1,BAU
299,20GB,5,4:00:00,normalsr,maxprofit,13,"[2010, 2020, 2030, 2040, 2050]",2,False,False,soft,False,medium,CONSTANT,hard,True,on,hard,1e-05,1,HCAS,NCI,40,medium,hard,off,off,off,off,1,0.9997999999999967,BAU,BAU,1,BAU
300,20GB,5,4:00:00,normalsr,maxprofit,13,"[2010, 2020, 2030, 2040, 2050]",2,False,False,soft,False,medium,CONSTANT,hard,True,on,hard,1e-05,1,HCAS,NCI,40,medium,hard,off,off,off,off,1,0.9998999999999967,BAU,BAU,1,BAU
301,20GB,5,4:00:00,normalsr,maxprofit,13,"[2010, 2020, 2030, 2040, 2050]",2,False,False,soft,False,medium,CONSTANT,hard,True,on,hard,1e-05,1,HCAS,NCI,40,medium,hard,off,off,off,off,1,0.9999999999999967,BAU,BAU,1,BAU
